id;dni;nombre;apellido;fecha_nacimiento
1;Fresh granular Direct;Profit-focused;Jewelery cutting-edge;2022-11-22T04:47:30
2;Hat;supply-chains magenta;encompassing;2022-11-22T06:14:51
3;Gloves sky blue Oklahoma;robust Engineer;Exclusive Moroccan Dirham card;2022-11-22T08:33:08
4;Supervisor;Personal Loan Account;paradigms Home;2022-11-22T03:49:29
5;deposit Canadian Dollar Lebanon;Designer Persistent;Handmade 24/7 Re-contextualized;2022-11-21T16:49:53
6;Point Orchestrator;Solomon Islands Licensed;Gloves Bedfordshire Argentine Peso;2022-11-21T15:30:22
7;neural-net red;Buckinghamshire Future-proofed deposit;Quality;2022-11-22T02:33:53
8;Cambridgeshire hacking;bricks-and-clicks Concrete Global;Fiji Dollar Profound Bacon;2022-11-21T12:32:05
9;Borders content-based;Tasty Customer Human;pink even-keeled;2022-11-21T19:17:53
10;programming SCSI drive;invoice Unbranded Cheese;New Zealand Dollar Alabama transform;2022-11-21T13:32:36
