id;dni;nombre;apellido;cargo;telefono
1;Berkshire;dedicated Persevering;Coordinator Cambridgeshire Investor;cross-platform Borders;57690
2;Cambridgeshire white sensor;Alaska;deposit Chips Applications;uniform PCI back up;95307
3;hardware Venezuela Wisconsin;SDD disintermediate reinvent;eco-centric Bedfordshire mesh;Configuration UIC-Franc;57006
4;Intelligent;Zambian Kwacha intuitive;Bedfordshire;portal calculating Metal;70891
5;France protocol;open-source HDD;Sleek Beauty Auto Loan Account;deposit;70196
6;auxiliary Human;Tools California;North Dakota Garden;Towels Specialist;83893
7;TCP Assimilated;compressing;Brunei Darussalam interface;compress lavender Investment Account;8534
8;Intelligent Granite Shirt Peru deposit;Frozen Analyst card;redundant;content;74404
9;Ameliorated;Brand;infomediaries Som Rustic Frozen Keyboard;Enterprise-wide Benin;71459
10;invoice;invoice;alarm Jamaica;system Gorgeous Rubber Pants;15864
